label,pixel1,pixel2,pixel3,pixel4,pixel5,pixel6,pixel7,pixel8,pixel9,pixel10,pixel11,pixel12,pixel13,pixel14,pixel15,pixel16,pixel17,pixel18,pixel19,pixel20,pixel21,pixel22,pixel23,pixel24,pixel25,pixel26,pixel27,pixel28,pixel29,pixel30,pixel31,pixel32,pixel33,pixel34,pixel35,pixel36,pixel37,pixel38,pixel39,pixel40,pixel41,pixel42,pixel43,pixel44,pixel45,pixel46,pixel47,pixel48,pixel49,pixel50,pixel51,pixel52,pixel53,pixel54,pixel55,pixel56,pixel57,pixel58,pixel59,pixel60,pixel61,pixel62,pixel63,pixel64,pixel65,pixel66,pixel67,pixel68,pixel69,pixel70,pixel71,pixel72,pixel73,pixel74,pixel75,pixel76,pixel77,pixel78,pixel79,pixel80,pixel81,pixel82,pixel83,pixel84,pixel85,pixel86,pixel87,pixel88,pixel89,pixel90,pixel91,pixel92,pixel93,pixel94,pixel95,pixel96,pixel97,pixel98,pixel99,pixel100,pixel101,pixel102,pixel103,pixel104,pixel105,pixel106,pixel107,pixel108,pixel109,pixel110,pixel111,pixel112,pixel113,pixel114,pixel115,pixel116,pixel117,pixel118,pixel119,pixel120,pixel121,pixel122,pixel123,pixel124,pixel125,pixel126,pixel127,pixel128,pixel129,pixel130,pixel131,pixel132,pixel133,pixel134,pixel135,pixel136,pixel137,pixel138,pixel139,pixel140,pixel141,pixel142,pixel143,pixel144,pixel145,pixel146,pixel147,pixel148,pixel149,pixel150,pixel151,pixel152,pixel153,pixel154,pixel155,pixel156,pixel157,pixel158,pixel159,pixel160,pixel161,pixel162,pixel163,pixel164,pixel165,pixel166,pixel167,pixel168,pixel169,pixel170,pixel171,pixel172,pixel173,pixel174,pixel175,pixel176,pixel177,pixel178,pixel179,pixel180,pixel181,pixel182,pixel183,pixel184,pixel185,pixel186,pixel187,pixel188,pixel189,pixel190,pixel191,pixel192,pixel193,pixel194,pixel195,pixel196,pixel197,pixel198,pixel199,pixel200,pixel201,pixel202,pixel203,pixel204,pixel205,pixel206,pixel207,pixel208,pixel209,pixel210,pixel211,pixel212,pixel213,pixel214,pixel215,pixel216,pixel217,pixel218,pixel219,pixel220,pixel221,pixel222,pixel223,pixel224,pixel225,pixel226,pixel227,pixel228,pixel229,pixel230,pixel231,pixel232,pixel233,pixel234,pixel235,pixel236,pixel237,pixel238,pixel239,pixel240,pixel241,pixel242,pixel243,pixel244,pixel245,pixel246,pixel247,pixel248,pixel249,pixel250,pixel251,pixel252,pixel253,pixel254,pixel255,pixel256,pixel257,pixel258,pixel259,pixel260,pixel261,pixel262,pixel263,pixel264,pixel265,pixel266,pixel267,pixel268,pixel269,pixel270,pixel271,pixel272,pixel273,pixel274,pixel275,pixel276,pixel277,pixel278,pixel279,pixel280,pixel281,pixel282,pixel283,pixel284,pixel285,pixel286,pixel287,pixel288,pixel289,pixel290,pixel291,pixel292,pixel293,pixel294,pixel295,pixel296,pixel297,pixel298,pixel299,pixel300,pixel301,pixel302,pixel303,pixel304,pixel305,pixel306,pixel307,pixel308,pixel309,pixel310,pixel311,pixel312,pixel313,pixel314,pixel315,pixel316,pixel317,pixel318,pixel319,pixel320,pixel321,pixel322,pixel323,pixel324,pixel325,pixel326,pixel327,pixel328,pixel329,pixel330,pixel331,pixel332,pixel333,pixel334,pixel335,pixel336,pixel337,pixel338,pixel339,pixel340,pixel341,pixel342,pixel343,pixel344,pixel345,pixel346,pixel347,pixel348,pixel349,pixel350,pixel351,pixel352,pixel353,pixel354,pixel355,pixel356,pixel357,pixel358,pixel359,pixel360,pixel361,pixel362,pixel363,pixel364,pixel365,pixel366,pixel367,pixel368,pixel369,pixel370,pixel371,pixel372,pixel373,pixel374,pixel375,pixel376,pixel377,pixel378,pixel379,pixel380,pixel381,pixel382,pixel383,pixel384,pixel385,pixel386,pixel387,pixel388,pixel389,pixel390,pixel391,pixel392,pixel393,pixel394,pixel395,pixel396,pixel397,pixel398,pixel399,pixel400,pixel401,pixel402,pixel403,pixel404,pixel405,pixel406,pixel407,pixel408,pixel409,pixel410,pixel411,pixel412,pixel413,pixel414,pixel415,pixel416,pixel417,pixel418,pixel419,pixel420,pixel421,pixel422,pixel423,pixel424,pixel425,pixel426,pixel427,pixel428,pixel429,pixel430,pixel431,pixel432,pixel433,pixel434,pixel435,pixel436,pixel437,pixel438,pixel439,pixel440,pixel441,pixel442,pixel443,pixel444,pixel445,pixel446,pixel447,pixel448,pixel449,pixel450,pixel451,pixel452,pixel453,pixel454,pixel455,pixel456,pixel457,pixel458,pixel459,pixel460,pixel461,pixel462,pixel463,pixel464,pixel465,pixel466,pixel467,pixel468,pixel469,pixel470,pixel471,pixel472,pixel473,pixel474,pixel475,pixel476,pixel477,pixel478,pixel479,pixel480,pixel481,pixel482,pixel483,pixel484,pixel485,pixel486,pixel487,pixel488,pixel489,pixel490,pixel491,pixel492,pixel493,pixel494,pixel495,pixel496,pixel497,pixel498,pixel499,pixel500,pixel501,pixel502,pixel503,pixel504,pixel505,pixel506,pixel507,pixel508,pixel509,pixel510,pixel511,pixel512,pixel513,pixel514,pixel515,pixel516,pixel517,pixel518,pixel519,pixel520,pixel521,pixel522,pixel523,pixel524,pixel525,pixel526,pixel527,pixel528,pixel529,pixel530,pixel531,pixel532,pixel533,pixel534,pixel535,pixel536,pixel537,pixel538,pixel539,pixel540,pixel541,pixel542,pixel543,pixel544,pixel545,pixel546,pixel547,pixel548,pixel549,pixel550,pixel551,pixel552,pixel553,pixel554,pixel555,pixel556,pixel557,pixel558,pixel559,pixel560,pixel561,pixel562,pixel563,pixel564,pixel565,pixel566,pixel567,pixel568,pixel569,pixel570,pixel571,pixel572,pixel573,pixel574,pixel575,pixel576,pixel577,pixel578,pixel579,pixel580,pixel581,pixel582,pixel583,pixel584,pixel585,pixel586,pixel587,pixel588,pixel589,pixel590,pixel591,pixel592,pixel593,pixel594,pixel595,pixel596,pixel597,pixel598,pixel599,pixel600,pixel601,pixel602,pixel603,pixel604,pixel605,pixel606,pixel607,pixel608,pixel609,pixel610,pixel611,pixel612,pixel613,pixel614,pixel615,pixel616,pixel617,pixel618,pixel619,pixel620,pixel621,pixel622,pixel623,pixel624,pixel625,pixel626,pixel627,pixel628,pixel629,pixel630,pixel631,pixel632,pixel633,pixel634,pixel635,pixel636,pixel637,pixel638,pixel639,pixel640,pixel641,pixel642,pixel643,pixel644,pixel645,pixel646,pixel647,pixel648,pixel649,pixel650,pixel651,pixel652,pixel653,pixel654,pixel655,pixel656,pixel657,pixel658,pixel659,pixel660,pixel661,pixel662,pixel663,pixel664,pixel665,pixel666,pixel667,pixel668,pixel669,pixel670,pixel671,pixel672,pixel673,pixel674,pixel675,pixel676,pixel677,pixel678,pixel679,pixel680,pixel681,pixel682,pixel683,pixel684,pixel685,pixel686,pixel687,pixel688,pixel689,pixel690,pixel691,pixel692,pixel693,pixel694,pixel695,pixel696,pixel697,pixel698,pixel699,pixel700,pixel701,pixel702,pixel703,pixel704,pixel705,pixel706,pixel707,pixel708,pixel709,pixel710,pixel711,pixel712,pixel713,pixel714,pixel715,pixel716,pixel717,pixel718,pixel719,pixel720,pixel721,pixel722,pixel723,pixel724,pixel725,pixel726,pixel727,pixel728,pixel729,pixel730,pixel731,pixel732,pixel733,pixel734,pixel735,pixel736,pixel737,pixel738,pixel739,pixel740,pixel741,pixel742,pixel743,pixel744,pixel745,pixel746,pixel747,pixel748,pixel749,pixel750,pixel751,pixel752,pixel753,pixel754,pixel755,pixel756,pixel757,pixel758,pixel759,pixel760,pixel761,pixel762,pixel763,pixel764,pixel765,pixel766,pixel767,pixel768,pixel769,pixel770,pixel771,pixel772,pixel773,pixel774,pixel775,pixel776,pixel777,pixel778,pixel779,pixel780,pixel781,pixel782,pixel783,pixel784
7,171,172,172,173,173,173,173,173,172,172,172,171,170,170,169,168,168,166,165,165,164,164,152,86,72,61,65,85,174,174,174,175,175,175,175,175,175,174,174,173,172,172,172,171,170,167,166,166,166,165,168,104,64,49,59,73,175,176,176,178,179,178,176,177,177,177,176,175,174,174,173,172,172,170,169,169,168,168,171,129,49,38,56,63,178,179,181,180,181,181,180,179,179,179,178,178,178,177,175,174,174,173,172,171,170,169,169,159,59,32,44,57,179,180,182,181,182,181,181,181,181,181,180,180,180,180,177,176,176,175,173,172,172,170,170,171,122,71,53,71,180,181,182,183,184,182,183,184,184,183,181,181,180,169,168,172,171,164,158,161,153,169,168,166,128,132,142,130,182,184,185,186,187,186,186,185,184,184,183,185,183,163,152,171,176,163,151,151,140,175,164,151,94,155,166,158,185,187,188,188,187,187,188,188,189,195,200,198,187,166,159,165,152,151,136,134,129,127,128,156,114,163,127,148,186,188,188,190,189,186,184,193,203,206,205,195,185,176,175,165,129,128,152,141,135,125,122,124,112,138,114,172,187,190,191,191,206,197,187,189,196,195,191,188,186,185,179,161,142,134,150,147,140,139,124,105,106,138,122,176,189,191,190,204,220,206,193,186,190,193,191,190,188,183,179,156,143,135,126,118,115,114,103,96,89,102,126,164,190,191,192,220,221,206,178,169,179,190,190,186,178,165,153,133,120,112,108,112,117,125,123,130,140,150,169,175,193,193,202,226,217,197,166,167,177,169,163,153,141,132,120,106,105,163,184,181,183,184,182,183,181,180,168,116,195,193,218,224,213,193,182,176,163,154,158,162,156,150,145,148,129,99,166,191,188,185,184,182,180,179,178,121,193,201,229,222,218,215,211,185,162,166,167,166,156,146,142,139,120,67,58,174,190,186,184,184,181,180,179,164,190,217,228,225,223,223,218,180,148,158,156,150,143,139,132,122,105,72,41,150,193,188,186,184,183,180,179,179,205,229,228,225,222,218,206,172,152,139,117,104,113,127,137,143,143,85,69,175,191,188,188,186,185,182,181,178,226,230,229,226,220,211,197,178,160,143,123,124,154,170,158,147,156,108,169,193,190,189,189,187,185,184,181,179,228,230,229,224,214,205,188,167,165,165,145,152,164,155,145,135,129,96,186,195,192,191,190,188,186,184,183,181,229,229,226,221,208,187,165,172,187,176,154,152,148,138,132,122,101,91,192,196,194,192,190,190,188,186,184,182,230,227,223,215,196,183,185,199,197,180,157,130,117,105,92,80,83,153,199,196,196,194,192,190,189,188,185,182,227,221,214,204,197,197,199,195,186,163,132,105,101,114,90,131,178,199,198,197,196,195,193,190,188,188,185,184,219,212,206,203,203,202,188,178,173,152,124,107,173,203,196,203,203,200,200,197,196,196,194,193,189,188,187,186,207,205,207,200,196,194,180,175,162,128,100,175,209,205,205,203,201,201,200,199,197,196,195,194,192,190,188,185,199,196,200,194,185,181,174,158,126,95,164,210,206,205,203,202,202,202,202,199,199,197,196,194,192,190,189,180,198,192,187,177,167,164,151,124,92,152,210,206,204,204,203,202,201,201,199,197,197,196,196,194,192,193,188,171,193,184,172,155,147,137,112,92,153,209,208,207,205,205,203,202,201,201,199,198,197,196,195,192,192,170,165,177,173,160,143,127,115,100,85,155,212,207,208,207,207,205,203,202,201,201,199,199,198,196,195,194,183,85,65,124
0,203,205,207,206,207,209,210,209,210,209,208,207,207,209,208,210,210,207,209,209,208,209,210,209,207,208,209,207,206,208,209,208,208,210,211,210,211,209,209,210,211,211,209,208,211,215,210,212,212,211,211,210,210,211,210,210,209,209,210,211,210,210,212,212,211,212,210,210,212,211,223,208,162,176,219,204,206,217,216,214,212,209,211,212,209,210,211,213,215,213,211,213,213,211,216,216,179,167,228,202,161,129,132,155,141,187,210,159,197,217,211,211,210,211,211,213,214,213,213,214,215,216,245,228,181,138,184,210,175,160,76,133,143,118,180,126,170,225,211,214,210,212,213,213,213,215,213,221,198,181,245,225,192,156,176,234,181,168,95,158,159,121,145,134,161,228,214,216,211,213,214,215,215,215,218,252,199,142,192,244,200,166,160,249,199,175,102,176,164,113,111,137,131,232,213,217,213,214,214,215,217,211,235,246,207,174,164,250,211,166,144,248,204,171,96,179,161,98,94,152,85,209,221,217,214,216,216,216,214,233,229,227,222,190,140,226,220,160,123,239,206,155,77,138,144,88,82,161,76,141,233,216,215,216,217,216,217,237,194,217,235,197,131,193,228,158,100,198,194,137,69,105,127,78,84,166,89,111,231,218,217,217,219,214,230,230,180,192,229,195,129,156,217,151,87,153,177,128,78,88,114,64,102,178,106,115,233,220,217,218,218,216,230,223,188,176,204,173,118,121,191,141,81,110,168,123,74,88,117,74,157,195,120,119,234,222,213,216,215,221,232,209,174,140,183,167,113,96,178,139,71,82,166,122,64,111,127,97,196,189,122,128,235,221,213,215,215,215,246,229,187,129,145,170,101,83,169,144,70,75,173,120,130,197,163,118,184,196,122,138,234,220,215,217,216,217,244,231,192,146,100,141,131,79,171,165,82,85,170,173,196,194,173,137,132,180,112,145,236,221,217,218,217,221,248,235,206,169,123,109,140,103,164,178,148,189,206,203,191,177,154,137,114,117,91,138,238,220,218,219,219,221,249,243,214,182,164,151,142,164,185,198,218,220,218,207,189,170,143,121,113,92,73,131,239,220,217,218,217,222,244,243,223,200,185,173,160,160,187,205,218,217,218,209,183,164,142,114,99,93,66,159,238,222,216,216,217,221,238,238,231,215,204,182,170,165,178,201,215,216,211,202,177,157,136,110,96,76,113,222,230,227,222,223,224,216,233,239,240,229,210,187,171,168,180,207,218,218,203,194,174,153,129,107,80,97,213,227,225,226,175,180,188,178,214,240,245,233,210,191,174,167,179,211,220,211,196,186,168,143,118,96,78,196,239,230,234,233,94,96,103,85,151,244,234,226,211,195,181,165,178,207,207,192,178,168,153,129,107,86,104,177,178,182,178,177,103,103,104,91,114,239,220,212,211,202,188,164,173,203,198,178,156,140,127,115,95,92,99,95,90,86,113,156,101,103,105,99,106,230,209,204,214,204,185,164,167,201,194,168,131,109,103,93,93,104,98,97,131,187,234,233,100,101,100,102,104,222,207,205,215,199,183,172,164,193,187,153,107,91,86,93,102,108,141,195,241,242,226,207,100,101,100,104,98,222,224,209,212,193,178,175,159,171,173,135,92,85,85,92,120,208,252,255,246,237,229,204,101,100,100,102,93,220,233,219,210,191,179,182,155,159,164,123,85,80,84,151,238,255,255,250,237,245,250,232,103,101,102,103,95,208,231,227,209,190,179,182,152,150,159,119,83,63,154,248,247,248,253,236,230,240,253,255
15,86,97,110,116,118,122,129,136,142,147,150,154,158,162,166,169,172,176,180,182,185,186,188,189,190,192,194,194,88,99,110,117,119,121,129,138,144,148,152,156,160,163,168,172,173,178,181,182,185,187,190,189,191,194,194,195,91,100,109,117,120,122,130,138,144,150,154,157,160,164,169,172,175,178,182,185,187,189,190,191,194,195,196,197,91,101,113,117,121,126,133,138,145,152,157,159,162,165,170,172,177,181,183,186,189,190,193,195,196,197,197,198,92,103,112,119,120,124,131,137,144,150,155,160,164,168,173,176,179,181,184,187,188,190,194,195,197,198,199,200,92,101,123,154,129,127,135,134,142,151,152,151,149,155,160,171,179,183,187,190,193,195,193,194,197,200,201,201,95,103,127,154,123,116,126,132,149,156,161,165,169,161,151,151,153,162,174,172,174,187,202,197,195,200,200,202,97,106,119,113,88,93,105,113,136,151,157,178,186,170,167,165,172,171,166,174,152,136,152,195,203,198,203,202,97,108,118,120,123,126,122,119,124,134,137,159,185,190,185,183,184,193,184,170,185,161,111,102,184,209,201,203,98,109,117,120,125,133,143,150,153,155,153,149,142,157,183,207,185,155,190,156,166,191,113,101,92,186,210,203,98,109,118,122,124,130,139,146,152,155,165,167,122,103,110,136,172,143,146,140,165,203,98,113,130,98,197,206,98,109,117,120,125,131,139,145,152,150,194,164,114,101,104,122,158,148,104,105,145,170,108,106,160,107,109,216,99,110,117,120,125,132,139,146,152,150,210,167,94,105,128,152,169,147,114,111,110,106,110,124,140,113,60,152,99,112,119,120,125,133,140,147,151,161,201,212,140,125,142,154,158,134,116,117,116,112,112,130,143,112,64,65,99,112,118,121,126,133,140,148,146,188,210,206,209,169,111,94,107,102,95,100,110,121,130,140,146,125,76,59,100,113,120,121,125,134,141,150,152,185,216,200,196,201,167,92,36,51,43,50,74,107,138,137,130,115,78,70,101,112,119,122,126,134,140,150,153,165,206,214,181,176,205,167,42,26,25,30,33,62,121,128,118,104,87,82,99,112,118,121,125,133,140,149,151,159,196,201,194,163,193,132,51,31,26,39,29,57,127,140,137,127,116,98,98,108,115,119,123,130,136,145,147,176,213,194,173,162,160,94,50,33,30,41,37,53,112,139,143,138,129,111,71,75,80,83,85,87,89,94,99,110,185,217,190,144,141,134,57,32,39,40,53,61,80,115,129,132,127,112,71,74,75,74,77,78,78,75,76,74,105,148,159,155,141,131,84,44,42,41,52,66,69,91,111,118,118,108,78,78,79,81,82,84,85,85,84,90,88,87,92,100,92,89,89,52,44,37,45,66,73,80,111,118,112,99,79,79,78,80,81,84,84,85,84,88,90,90,90,89,101,101,111,85,72,68,71,80,80,76,106,114,105,95,80,80,81,82,81,83,84,84,84,86,87,87,88,88,89,116,136,134,142,129,109,131,131,116,115,119,102,90,78,80,81,83,82,82,85,85,85,88,89,88,88,90,90,85,92,135,158,139,160,176,174,169,148,137,118,88,77,79,79,80,81,84,86,86,86,87,90,91,89,89,91,93,88,95,106,129,172,191,180,173,153,129,111,96,78,78,79,81,80,84,84,84,86,86,89,90,89,90,89,92,92,90,89,96,114,130,156,137,121,108,104,119,77,78,79,80,82,83,84,84,85,87,87,87,87,88,88,90,92,92,94,91,87,88,121,106,116,133,130,112
15,86,97,110,116,118,122,129,136,142,147,150,154,158,162,166,169,172,176,180,182,185,186,188,189,190,192,194,194,88,99,110,117,119,121,129,138,144,148,152,156,160,163,168,172,173,178,181,182,185,187,190,189,191,194,194,195,91,100,109,117,120,122,130,138,144,150,154,157,160,164,169,172,175,178,182,185,187,189,190,191,194,195,196,197,91,101,113,117,121,126,133,138,145,152,157,159,162,165,170,172,177,181,183,186,189,190,193,195,196,197,197,198,92,103,112,119,120,124,131,137,144,150,155,160,164,168,173,176,179,181,184,187,188,190,194,195,197,198,199,200,92,101,123,154,129,127,135,134,142,151,152,151,149,155,160,171,179,183,187,190,193,195,193,194,197,200,201,201,95,103,127,154,123,116,126,132,149,156,161,165,169,161,151,151,153,162,174,172,174,187,202,197,195,200,200,202,97,106,119,113,88,93,105,113,136,151,157,178,186,170,167,165,172,171,166,174,152,136,152,195,203,198,203,202,97,108,118,120,123,126,122,119,124,134,137,159,185,190,185,183,184,193,184,170,185,161,111,102,184,209,201,203,98,109,117,120,125,133,143,150,153,155,153,149,142,157,183,207,185,155,190,156,166,191,113,101,92,186,210,203,98,109,118,122,124,130,139,146,152,155,165,167,122,103,110,136,172,143,146,140,165,203,98,113,130,98,197,206,98,109,117,120,125,131,139,145,152,150,194,164,114,101,104,122,158,148,104,105,145,170,108,106,160,107,109,216,99,110,117,120,125,132,139,146,152,150,210,167,94,105,128,152,169,147,114,111,110,106,110,124,140,113,60,152,99,112,119,120,125,133,140,147,151,161,201,212,140,125,142,154,158,134,116,117,116,112,112,130,143,112,64,65,99,112,118,121,126,133,140,148,146,188,210,206,209,169,111,94,107,102,95,100,110,121,130,140,146,125,76,59,100,113,120,121,125,134,141,150,152,185,216,200,196,201,167,92,36,51,43,50,74,107,138,137,130,115,78,70,101,112,119,122,126,134,140,150,153,165,206,214,181,176,205,167,42,26,25,30,33,62,121,128,118,104,87,82,99,112,118,121,125,133,140,149,151,159,196,201,194,163,193,132,51,31,26,39,29,57,127,140,137,127,116,98,98,108,115,119,123,130,136,145,147,176,213,194,173,162,160,94,50,33,30,41,37,53,112,139,143,138,129,111,71,75,80,83,85,87,89,94,99,110,185,217,190,144,141,134,57,32,39,40,53,61,80,115,129,132,127,112,71,74,75,74,77,78,78,75,76,74,105,148,159,155,141,131,84,44,42,41,52,66,69,91,111,118,118,108,78,78,79,81,82,84,85,85,84,90,88,87,92,100,92,89,89,52,44,37,45,66,73,80,111,118,112,99,79,79,78,80,81,84,84,85,84,88,90,90,90,89,101,101,111,85,72,68,71,80,80,76,106,114,105,95,80,80,81,82,81,83,84,84,84,86,87,87,88,88,89,116,136,134,142,129,109,131,131,116,115,119,102,90,78,80,81,83,82,82,85,85,85,88,89,88,88,90,90,85,92,135,158,139,160,176,174,169,148,137,118,88,77,79,79,80,81,84,86,86,86,87,90,91,89,89,91,93,88,95,106,129,172,191,180,173,153,129,111,96,78,78,79,81,80,84,84,84,86,86,89,90,89,90,89,92,92,90,89,96,114,130,156,137,121,108,104,119,77,78,79,80,82,83,84,84,85,87,87,87,87,88,88,90,92,92,94,91,87,88,121,106,116,133,130,112
24,179,180,182,182,183,184,186,186,186,186,187,187,186,186,186,185,184,182,181,179,179,178,176,174,173,171,170,168,184,185,186,187,188,189,189,190,190,191,191,189,190,190,189,189,189,187,185,184,183,181,178,181,179,174,174,173,187,189,190,191,193,192,193,195,195,195,195,193,191,194,195,192,192,190,190,189,188,187,183,169,171,183,179,177,191,192,194,194,196,197,198,199,198,198,197,197,198,197,197,197,196,195,193,191,190,188,192,157,100,183,182,179,194,196,198,199,199,199,199,199,200,202,203,200,200,199,198,198,198,197,196,195,194,189,200,162,78,175,186,182,197,199,199,200,201,203,204,204,206,200,197,207,202,202,202,202,201,199,199,198,198,193,207,160,80,179,190,186,200,201,202,203,206,207,207,206,210,194,114,186,213,206,209,207,206,204,202,201,201,198,213,145,87,191,192,189,204,206,207,209,209,208,209,209,214,181,104,116,221,208,212,211,209,208,207,206,203,205,219,141,99,202,193,192,207,208,210,211,211,211,212,210,216,197,139,81,202,216,211,213,213,210,209,208,202,214,207,119,112,210,195,194,210,211,212,212,214,215,215,215,215,213,166,77,166,226,211,214,215,215,210,212,210,231,189,85,132,214,197,199,213,213,216,216,216,216,217,217,216,220,187,101,117,231,214,219,216,209,220,207,155,165,192,78,170,212,202,202,215,217,218,218,218,217,218,218,218,221,203,141,79,211,225,217,183,145,169,186,131,64,117,95,202,210,206,204,218,218,219,220,221,221,221,222,221,224,213,159,69,156,239,198,186,164,136,130,126,124,66,92,218,208,208,206,218,220,222,223,224,224,224,224,224,225,221,177,118,104,231,184,201,162,152,144,156,163,51,112,229,207,209,208,222,223,224,225,225,227,227,226,226,226,228,202,166,78,152,147,202,184,133,139,141,139,70,120,230,210,211,209,223,224,226,227,226,228,229,229,228,227,231,217,170,114,122,127,170,203,113,47,112,177,109,72,221,216,215,211,224,225,227,228,229,229,229,229,230,231,234,222,200,191,129,93,121,186,102,29,75,182,143,60,153,230,212,213,227,228,231,232,232,232,232,232,232,233,234,224,213,187,103,64,105,159,78,27,108,203,192,106,67,221,216,216,229,230,233,234,234,234,235,235,235,236,235,232,215,173,134,111,113,156,101,62,206,213,185,112,56,208,220,217,230,233,234,235,235,236,237,237,238,238,237,238,217,201,185,129,109,158,105,163,228,196,166,78,68,224,218,218,231,233,235,236,236,237,239,238,237,238,238,240,214,204,206,143,124,92,148,232,224,179,149,66,92,238,217,219,228,230,234,234,236,238,236,236,237,237,238,241,218,196,208,168,141,89,203,227,209,174,137,60,121,240,219,219,230,232,234,235,237,238,237,237,238,239,239,242,222,193,188,177,157,97,179,221,198,160,122,44,144,237,218,218,233,232,234,237,238,238,238,239,240,240,240,244,229,187,188,186,177,121,159,223,195,145,99,37,185,235,222,221,233,234,235,236,238,239,240,240,240,241,243,243,241,201,195,183,189,142,123,206,172,118,62,54,227,225,223,222,243,243,244,244,245,245,246,246,245,245,247,245,250,217,201,191,186,145,97,163,135,88,26,96,244,221,222,225,184,189,195,200,206,210,214,220,224,228,233,234,240,220,204,188,168,137,109,115,130,75,27,189,244,231,233,219,98,97,96,99,100,102,105,110,112,113,117,121,114,171,217,183,169,162,130,113,135,59,49,166,169,167,146,94
18,198,202,204,204,206,208,210,212,212,213,214,217,218,218,219,221,221,222,222,224,224,224,225,223,222,223,223,223,200,202,205,206,207,209,211,212,214,215,216,217,218,219,220,222,223,222,222,223,225,225,227,226,225,225,223,224,201,203,205,208,210,211,211,214,214,215,217,217,217,219,220,225,227,222,222,224,223,224,227,227,227,225,224,224,202,203,208,209,210,212,211,214,216,216,218,218,220,220,222,210,204,229,223,227,226,225,228,227,227,227,227,226,202,204,210,208,209,211,213,214,216,218,219,221,225,221,234,207,153,192,231,225,226,230,226,225,227,227,228,228,202,205,209,209,210,211,214,215,215,219,221,213,196,219,226,220,158,110,204,230,205,193,221,230,228,229,227,227,202,203,207,209,211,211,216,218,218,222,237,215,170,173,232,202,175,125,141,186,177,158,161,237,228,229,228,228,202,204,208,210,210,212,214,213,206,238,239,215,178,153,249,221,205,167,126,133,161,155,115,215,233,229,229,228,204,206,209,211,211,210,229,218,167,214,242,208,174,173,247,246,226,177,132,116,143,144,105,183,241,228,230,229,205,206,209,212,208,226,251,218,163,197,243,208,163,193,236,239,223,177,127,102,122,134,100,184,242,228,231,230,206,208,209,211,209,235,254,219,164,184,243,212,152,208,236,237,219,174,126,92,108,119,100,203,239,229,231,231,207,209,210,211,213,225,243,222,168,171,242,209,138,171,220,246,214,167,121,93,99,102,116,223,235,230,232,231,207,209,212,208,220,239,221,219,179,152,219,195,137,94,186,253,205,161,115,96,92,92,144,241,231,233,233,234,206,209,211,214,228,218,196,186,171,116,162,161,123,50,205,255,203,153,111,97,98,96,162,244,228,233,233,235,208,209,208,225,241,203,187,156,136,102,131,147,89,105,255,239,198,156,115,90,98,96,178,245,232,235,235,235,208,211,209,227,251,217,192,164,159,105,131,148,167,239,255,229,192,156,118,101,104,107,218,238,234,236,236,236,209,213,206,240,247,214,192,169,160,139,145,205,255,240,224,218,186,146,114,105,92,133,244,232,235,235,235,234,211,210,210,255,238,214,192,173,170,172,194,255,255,232,202,202,174,132,110,109,103,203,240,233,233,234,233,231,211,208,221,255,232,214,204,183,180,175,247,255,253,223,187,186,162,120,114,103,184,242,232,235,234,234,233,232,212,207,231,255,231,223,214,184,186,222,255,255,240,214,178,171,151,117,102,153,244,233,235,235,236,235,234,234,212,208,233,255,235,228,218,186,209,254,255,250,232,198,170,159,138,108,115,228,237,235,235,235,236,236,235,235,212,210,227,255,239,232,218,196,223,253,244,229,226,185,162,148,127,97,181,244,234,236,235,236,236,236,236,235,213,210,224,255,241,230,215,211,222,248,229,221,201,181,149,138,114,121,236,234,236,236,236,237,238,236,234,236,214,208,229,253,233,222,211,216,221,237,215,217,184,174,139,129,97,171,248,234,236,237,237,238,238,237,235,234,213,208,236,236,218,215,208,215,225,224,202,215,196,156,134,121,101,216,239,235,236,236,237,238,238,238,236,235,213,209,238,216,207,212,209,212,225,216,202,215,195,149,128,103,147,246,231,236,237,236,236,237,238,236,236,236,212,209,248,230,219,220,223,221,230,208,198,203,177,142,117,113,222,238,236,238,237,237,238,238,239,237,236,237,210,213,255,241,221,225,232,226,234,190,188,188,158,133,103,188,246,235,237,237,238,239,239,239,239,238,237,237
20,173,176,181,183,187,189,191,192,193,195,196,194,193,193,194,190,193,178,188,190,187,187,186,183,182,181,180,179,174,178,183,186,189,191,194,195,196,197,198,198,196,196,194,197,209,137,152,194,190,187,187,185,184,185,182,181,175,180,183,187,190,193,195,196,197,198,199,198,197,197,195,205,210,132,115,168,147,190,188,187,187,186,184,182,178,182,185,188,192,195,196,199,200,200,201,199,199,199,195,210,203,125,120,180,104,176,195,189,189,187,186,185,180,183,188,191,194,196,198,202,203,201,203,204,202,201,196,222,210,128,125,181,108,165,198,191,192,189,188,187,181,186,188,191,195,198,200,203,203,202,204,205,204,204,199,231,203,127,135,182,116,166,201,192,193,191,190,187,183,188,190,194,196,199,202,203,203,205,205,205,205,203,207,223,177,114,165,196,124,159,204,194,194,193,190,189,185,190,193,195,198,201,202,205,205,206,207,206,210,208,218,219,168,97,172,186,117,158,206,195,196,195,193,190,186,191,195,197,200,203,204,207,207,208,209,208,188,172,229,220,160,96,183,178,107,165,206,197,197,197,195,192,188,192,195,198,202,204,206,207,210,211,209,219,183,111,204,197,114,123,208,174,109,176,209,200,199,198,196,194,190,194,197,200,203,206,207,209,212,212,219,232,195,146,151,115,72,144,193,158,102,188,208,200,199,199,197,196,191,195,197,202,205,207,211,211,213,210,181,202,217,182,129,102,85,139,154,123,103,205,204,203,203,202,200,198,193,196,200,204,207,209,212,211,227,221,152,154,223,171,159,151,143,149,116,97,134,218,204,205,204,203,201,199,193,197,203,205,208,211,211,219,243,232,176,159,192,183,178,163,174,160,95,77,172,217,206,206,205,204,202,200,196,199,204,206,210,213,210,233,228,236,177,149,209,193,159,158,160,139,110,70,181,218,208,208,206,204,204,203,197,200,205,208,210,213,213,248,221,208,192,126,175,164,87,91,159,151,131,77,175,221,209,209,207,205,206,203,198,202,206,210,213,213,222,241,201,192,193,104,76,79,56,55,155,189,145,95,117,221,210,210,209,208,205,204,199,203,206,210,214,216,220,252,236,214,177,147,100,56,100,177,189,198,163,115,75,185,219,210,211,209,207,205,199,204,208,211,214,215,223,254,243,211,170,188,120,88,199,233,211,180,158,118,83,172,223,211,211,211,209,205,200,206,210,212,215,217,224,254,246,202,167,153,104,159,236,211,186,172,125,116,86,197,219,213,213,211,209,206,202,206,211,213,216,218,224,252,240,202,197,141,159,242,222,185,158,171,121,91,102,223,215,215,214,213,210,209,203,207,212,215,219,220,224,248,238,212,204,149,201,241,207,185,166,162,139,69,143,231,216,216,216,213,212,209,203,208,212,216,219,221,224,238,233,214,204,155,191,217,193,180,155,141,120,71,200,224,217,218,216,214,212,210,204,209,213,217,217,223,227,237,232,216,196,157,155,181,170,153,131,125,76,133,233,218,220,219,217,215,213,211,203,207,212,214,226,201,96,184,228,212,163,128,131,144,163,141,117,82,82,218,225,221,220,219,218,216,213,211,202,205,209,219,212,104,61,76,163,179,140,133,141,145,168,133,98,67,183,231,219,221,220,219,217,214,212,210,203,207,213,217,114,65,79,67,76,138,157,150,144,145,154,118,68,150,237,221,222,221,220,218,217,214,213,210,203,206,221,137,72,82,66,71,65,72,118,129,133,131,119,89,91,223,227,224,223,221,220,219,218,216,214,212
12,178,179,181,183,184,183,183,184,185,186,185,184,184,183,185,187,182,179,179,177,177,177,174,173,172,170,169,166,179,184,185,185,186,187,186,186,187,187,188,188,186,185,174,158,171,185,179,179,179,177,175,174,174,172,169,167,182,184,185,187,187,188,189,189,188,188,187,173,184,188,135,105,82,160,191,183,184,181,176,176,175,175,171,169,184,186,187,188,188,188,189,191,188,190,169,118,98,145,147,120,80,89,170,132,118,157,184,175,175,174,172,170,186,188,188,188,189,192,190,190,188,199,167,133,93,83,164,129,103,76,74,104,86,61,157,185,177,175,173,171,186,187,189,189,191,191,193,193,190,203,179,148,124,73,158,142,111,83,51,98,94,42,87,192,178,177,175,172,187,189,189,190,192,192,193,192,197,206,196,157,130,76,127,148,114,88,40,93,90,51,57,189,179,178,177,175,190,192,191,192,193,193,194,192,205,182,205,165,132,85,93,148,116,89,41,78,98,53,60,190,179,179,177,176,190,191,192,192,192,194,191,189,178,113,164,174,123,93,77,149,119,93,49,68,101,51,78,195,179,181,179,178,189,191,192,193,194,190,189,196,159,93,83,167,129,92,55,143,133,100,63,42,83,43,121,197,181,182,181,179,191,193,194,194,194,206,206,182,130,91,51,138,133,80,43,131,165,126,79,38,64,35,143,195,183,184,181,179,192,193,196,194,203,204,177,163,119,105,56,112,134,92,56,141,183,134,82,48,73,53,168,192,186,184,182,181,193,194,195,194,218,193,145,164,128,115,66,78,147,133,78,105,159,107,57,47,80,49,150,199,186,184,183,180,194,194,193,203,199,171,124,122,139,108,67,52,154,144,106,38,36,35,30,69,79,28,75,202,186,186,185,182,195,195,195,204,188,154,125,80,121,116,88,42,126,144,96,41,16,55,67,67,46,38,43,184,192,187,185,183,192,196,197,200,202,173,144,103,86,130,89,48,25,85,89,44,70,97,113,92,58,45,59,190,189,188,185,185,194,197,198,201,206,180,149,119,81,106,81,70,20,92,164,137,127,116,124,98,66,26,111,205,188,190,186,184,196,197,200,202,208,190,158,130,98,74,95,103,63,158,196,177,148,125,117,89,58,22,153,203,190,190,187,184,195,197,199,205,200,180,155,128,98,76,83,99,121,191,186,165,140,121,102,84,47,31,182,196,192,190,187,186,197,199,201,202,186,169,155,128,91,103,73,109,173,183,174,153,132,114,94,79,29,91,207,190,192,190,188,187,197,200,201,199,186,173,159,124,94,117,97,159,177,175,167,143,123,103,85,55,45,187,198,193,192,191,188,187,199,201,201,203,190,171,160,131,110,107,109,166,165,173,162,136,109,89,78,29,103,214,194,195,193,193,191,188,198,201,201,204,193,175,163,142,118,93,107,163,159,162,145,123,94,77,59,23,174,206,199,196,194,193,192,190,198,201,202,203,200,187,164,139,116,88,98,148,148,142,127,101,77,67,26,84,214,200,198,196,194,193,192,191,198,201,203,203,203,185,161,142,121,102,100,134,137,120,106,88,68,45,30,185,206,199,198,195,195,194,193,191,200,201,204,203,206,177,148,134,116,113,103,124,140,121,101,83,64,16,132,215,199,200,199,197,194,194,195,192,201,202,204,203,206,175,151,142,134,132,118,124,136,118,96,76,38,68,211,203,203,201,199,199,196,194,194,193,201,202,203,198,202,177,156,156,147,135,125,126,132,111,73,61,29,156,215,202,204,202,201,200,198,196,194,193
12,178,179,181,183,184,183,183,184,185,186,185,184,184,183,185,187,182,179,179,177,177,177,174,173,172,170,169,166,179,184,185,185,186,187,186,186,187,187,188,188,186,185,174,158,171,185,179,179,179,177,175,174,174,172,169,167,182,184,185,187,187,188,189,189,188,188,187,173,184,188,135,105,82,160,191,183,184,181,176,176,175,175,171,169,184,186,187,188,188,188,189,191,188,190,169,118,98,145,147,120,80,89,170,132,118,157,184,175,175,174,172,170,186,188,188,188,189,192,190,190,188,199,167,133,93,83,164,129,103,76,74,104,86,61,157,185,177,175,173,171,186,187,189,189,191,191,193,193,190,203,179,148,124,73,158,142,111,83,51,98,94,42,87,192,178,177,175,172,187,189,189,190,192,192,193,192,197,206,196,157,130,76,127,148,114,88,40,93,90,51,57,189,179,178,177,175,190,192,191,192,193,193,194,192,205,182,205,165,132,85,93,148,116,89,41,78,98,53,60,190,179,179,177,176,190,191,192,192,192,194,191,189,178,113,164,174,123,93,77,149,119,93,49,68,101,51,78,195,179,181,179,178,189,191,192,193,194,190,189,196,159,93,83,167,129,92,55,143,133,100,63,42,83,43,121,197,181,182,181,179,191,193,194,194,194,206,206,182,130,91,51,138,133,80,43,131,165,126,79,38,64,35,143,195,183,184,181,179,192,193,196,194,203,204,177,163,119,105,56,112,134,92,56,141,183,134,82,48,73,53,168,192,186,184,182,181,193,194,195,194,218,193,145,164,128,115,66,78,147,133,78,105,159,107,57,47,80,49,150,199,186,184,183,180,194,194,193,203,199,171,124,122,139,108,67,52,154,144,106,38,36,35,30,69,79,28,75,202,186,186,185,182,195,195,195,204,188,154,125,80,121,116,88,42,126,144,96,41,16,55,67,67,46,38,43,184,192,187,185,183,192,196,197,200,202,173,144,103,86,130,89,48,25,85,89,44,70,97,113,92,58,45,59,190,189,188,185,185,194,197,198,201,206,180,149,119,81,106,81,70,20,92,164,137,127,116,124,98,66,26,111,205,188,190,186,184,196,197,200,202,208,190,158,130,98,74,95,103,63,158,196,177,148,125,117,89,58,22,153,203,190,190,187,184,195,197,199,205,200,180,155,128,98,76,83,99,121,191,186,165,140,121,102,84,47,31,182,196,192,190,187,186,197,199,201,202,186,169,155,128,91,103,73,109,173,183,174,153,132,114,94,79,29,91,207,190,192,190,188,187,197,200,201,199,186,173,159,124,94,117,97,159,177,175,167,143,123,103,85,55,45,187,198,193,192,191,188,187,199,201,201,203,190,171,160,131,110,107,109,166,165,173,162,136,109,89,78,29,103,214,194,195,193,193,191,188,198,201,201,204,193,175,163,142,118,93,107,163,159,162,145,123,94,77,59,23,174,206,199,196,194,193,192,190,198,201,202,203,200,187,164,139,116,88,98,148,148,142,127,101,77,67,26,84,214,200,198,196,194,193,192,191,198,201,203,203,203,185,161,142,121,102,100,134,137,120,106,88,68,45,30,185,206,199,198,195,195,194,193,191,200,201,204,203,206,177,148,134,116,113,103,124,140,121,101,83,64,16,132,215,199,200,199,197,194,194,195,192,201,202,204,203,206,175,151,142,134,132,118,124,136,118,96,76,38,68,211,203,203,201,199,199,196,194,194,193,201,202,203,198,202,177,156,156,147,135,125,126,132,111,73,61,29,156,215,202,204,202,201,200,198,196,194,193
4,191,192,192,192,192,193,193,193,193,192,193,193,192,192,192,191,190,187,188,188,187,186,184,184,182,182,181,180,193,194,195,195,195,195,195,195,195,194,194,195,196,194,193,193,193,195,192,189,188,187,187,186,185,184,183,181,198,197,198,197,197,198,197,197,197,198,197,195,193,199,198,189,164,155,190,195,194,193,188,188,188,187,186,185,200,199,199,200,199,199,199,199,199,198,197,183,159,161,197,192,163,122,145,193,159,168,193,190,189,189,187,186,202,201,201,202,202,201,201,201,201,200,204,207,182,152,141,187,181,145,108,159,152,111,157,200,189,191,189,188,202,202,203,204,204,203,203,204,202,196,193,196,203,181,136,136,186,163,110,136,162,116,107,198,192,193,191,190,205,204,204,205,205,206,205,207,198,187,185,143,163,180,123,105,183,162,110,117,164,131,95,193,195,193,192,191,206,206,207,207,207,206,207,206,201,198,189,142,120,161,115,99,164,133,90,137,169,137,107,200,197,196,195,195,207,207,208,207,208,208,208,209,194,154,181,158,114,141,146,97,133,120,78,144,143,102,123,209,197,198,198,196,209,208,209,209,209,209,209,208,207,154,140,182,144,124,172,105,112,137,133,138,105,68,145,212,199,200,199,198,210,210,209,210,211,209,208,211,196,138,113,172,148,164,171,151,154,153,179,150,94,72,182,207,201,202,200,199,210,210,211,211,210,210,210,212,196,171,168,140,94,181,171,160,169,157,167,141,102,95,206,204,203,203,202,200,211,211,211,211,212,212,211,211,207,193,156,120,88,117,148,137,140,137,131,130,120,93,179,213,204,204,203,201,212,212,212,212,213,212,211,210,208,181,142,109,99,97,115,125,125,120,112,141,135,108,110,211,206,205,205,204,213,213,213,213,213,214,212,210,200,164,130,106,103,122,127,155,164,159,141,148,149,140,92,160,217,203,205,204,214,215,215,215,215,215,213,207,201,175,143,113,115,122,146,183,183,197,184,159,186,161,109,106,214,206,206,205,216,216,215,216,216,216,215,205,202,178,144,111,111,131,164,193,194,205,209,191,175,160,106,101,213,208,207,206,216,217,216,216,216,217,216,199,200,188,152,119,117,133,167,201,202,210,200,185,165,134,88,134,221,207,208,207,216,216,217,217,217,217,217,195,199,195,159,132,126,129,176,207,211,210,192,173,155,118,80,183,218,209,209,208,217,217,218,218,218,218,220,195,193,196,169,139,128,134,183,212,211,202,184,164,147,100,101,217,211,211,210,209,217,217,218,219,218,218,221,199,180,187,169,142,129,140,192,209,200,193,174,150,134,85,150,224,209,212,210,210,217,217,217,218,218,218,221,212,177,187,175,145,139,145,196,200,191,182,161,137,113,85,201,219,213,212,211,211,216,216,217,218,217,217,217,220,189,185,180,159,157,142,192,191,188,168,146,127,87,125,225,212,214,212,210,210,216,216,217,218,217,217,217,222,204,181,181,171,157,133,174,182,179,156,128,106,79,194,218,211,211,211,210,210,217,216,218,218,218,218,218,221,211,186,178,165,151,135,156,164,153,130,107,73,141,226,212,214,213,212,211,210,217,218,218,218,218,218,219,221,213,193,181,163,148,137,145,154,133,108,84,89,213,218,216,215,213,212,211,210,217,219,219,219,218,218,220,222,203,194,182,167,155,148,143,149,136,106,72,150,229,214,217,215,213,212,211,212,217,217,218,218,219,218,220,218,190,193,185,178,175,162,150,142,128,97,81,192,223,216,216,215,214,213,212,204
17,138,139,141,143,147,149,149,152,153,153,154,156,157,158,160,161,161,161,162,162,164,163,163,163,162,163,164,163,139,140,142,146,148,149,150,153,153,154,156,157,158,160,160,162,162,162,163,163,164,164,165,166,165,166,166,165,140,142,145,148,150,151,152,154,155,156,158,158,159,161,162,162,163,165,164,164,166,165,166,167,167,167,168,167,142,143,147,148,150,152,153,154,156,157,159,159,161,162,164,163,165,167,166,167,169,167,167,169,167,168,168,168,141,144,147,149,151,153,154,155,157,158,160,161,162,164,164,166,167,167,163,171,167,168,169,169,168,169,170,169,142,144,147,149,152,154,155,156,158,158,161,163,163,163,166,167,166,170,148,126,127,121,174,169,170,170,171,170,143,145,148,150,152,155,156,158,159,161,162,163,163,165,167,168,166,177,172,108,78,99,173,170,171,171,171,171,145,146,149,152,153,155,156,159,161,164,164,165,166,168,167,168,168,177,181,129,71,107,181,170,172,172,171,172,146,147,149,152,154,155,158,160,162,163,164,166,167,164,171,170,170,173,187,149,82,126,183,171,173,172,172,173,146,148,151,154,155,157,160,160,161,163,164,163,169,150,133,174,171,174,188,148,97,156,179,175,175,173,173,173,145,149,152,153,155,158,160,160,162,163,165,167,175,161,115,124,173,187,183,141,101,165,178,176,175,175,174,173,146,149,152,154,157,158,161,161,162,167,156,136,170,177,162,143,120,151,175,144,99,164,180,176,176,176,175,175,147,149,153,155,157,160,162,161,166,191,156,107,148,175,190,177,127,84,138,136,101,163,181,177,176,175,176,176,147,151,154,156,158,161,164,160,176,162,166,138,137,123,161,192,159,94,99,120,95,161,181,177,176,176,177,177,148,151,155,157,159,160,163,160,185,152,123,127,96,63,104,207,176,117,82,97,85,161,183,178,177,177,177,177,150,152,154,157,159,161,164,165,181,142,109,126,103,90,104,203,190,140,83,87,80,157,183,178,179,178,177,178,149,152,155,158,160,163,163,171,186,160,144,133,112,134,120,192,195,150,97,83,81,152,185,178,179,179,178,178,150,152,155,159,160,163,161,181,178,141,135,128,124,144,169,192,176,157,107,78,77,154,186,178,181,181,179,179,151,153,156,158,162,165,163,189,166,138,129,129,137,157,214,190,157,146,104,74,70,156,187,180,181,181,180,180,152,154,155,159,162,164,163,195,169,146,131,132,140,196,206,187,155,135,99,73,71,166,185,182,181,181,181,181,151,154,156,160,161,163,168,199,171,156,133,132,166,212,192,180,146,128,94,70,89,185,181,181,180,181,181,181,151,153,158,161,163,161,174,201,172,163,147,133,186,209,187,178,138,116,91,64,127,191,180,182,181,181,179,179,151,154,157,161,166,163,179,206,176,172,163,142,189,197,180,172,141,105,84,73,169,185,181,183,183,183,181,181,152,155,159,162,165,163,176,210,183,177,170,152,175,190,177,165,135,102,72,111,192,181,182,182,184,184,182,181,152,155,159,163,165,165,171,207,191,173,163,161,165,180,171,174,131,97,69,142,191,180,181,183,183,182,182,182,153,155,160,163,165,168,167,202,186,172,157,159,168,169,170,175,132,95,73,161,189,183,184,184,184,183,183,184,153,156,159,161,164,166,170,201,184,173,158,158,168,166,170,166,123,91,94,184,185,184,185,185,184,184,184,183,152,154,157,161,165,165,174,203,194,175,164,167,174,160,166,153,112,80,136,193,183,184,184,184,184,185,185,183
